DateTime,Value
2009-10-20 16:47:00Z,4852.8
2009-10-21 16:47:00Z,4846.2
2009-10-22 16:47:00Z,4818.8
2009-10-23 16:47:00Z,4859.7
2009-10-26 16:47:00Z,4832.6
2009-10-27 16:47:00Z,4754.9
2009-10-28 16:47:00Z,4687.3
2009-10-29 16:47:00Z,4575.2
2009-10-30 16:47:00Z,4646.9
2009-11-02 16:47:00Z,4546.3
2009-11-03 16:47:00Z,4540.0
2009-11-04 16:47:00Z,4547.6
2009-11-05 16:47:00Z,4519.2
2009-11-06 16:47:00Z,4604.4
2009-11-09 16:47:00Z,4686.5
2009-11-10 16:47:00Z,4744.0
2009-11-11 16:47:00Z,4765.9
2009-11-12 16:47:00Z,4758.2
2009-11-13 16:47:00Z,4722.6
2009-11-16 16:47:00Z,4773.8
2009-11-17 16:47:00Z,4750.2
2009-11-18 16:47:00Z,4759.6
2009-11-19 16:47:00Z,4767.8
2009-11-20 16:47:00Z,4706.7
2009-11-23 16:47:00Z,4739.2
2009-11-24 16:47:00Z,4708.2
2009-11-25 16:47:00Z,4741.0
2009-11-26 16:47:00Z,4727.6
2009-11-27 16:47:00Z,4597.2
2009-11-30 16:47:00Z,4715.5
2009-12-01 16:47:00Z,4733.1
2009-12-02 16:47:00Z,4776.7
2009-12-03 16:47:00Z,4789.3
2009-12-04 16:47:00Z,4721.2
2009-12-07 16:47:00Z,4695.2
2009-12-08 16:47:00Z,4686.4
2009-12-09 16:47:00Z,4652.6
2009-12-10 16:47:00Z,4622.9
2009-12-11 16:47:00Z,4651.4
2009-12-14 16:47:00Z,4668.2
2009-12-15 16:47:00Z,4687.8
2009-12-16 16:47:00Z,4676.1
2009-12-17 16:47:00Z,4689.6
2009-12-18 16:47:00Z,4671.9
2009-12-21 17:37:00Z,4659.5
2009-12-22 16:34:00Z,4724.4
2009-12-23 16:33:00Z,4756.1
2009-12-24 14:41:00Z,4803.3
2009-12-29 16:34:00Z,4856.7
2009-12-30 16:34:00Z,4847.0
2009-12-31 14:54:00Z,4882.7
2010-01-04 16:35:00Z,4889.8
2010-01-05 16:36:00Z,4939.5
2010-01-06 18:52:00Z,4946.8
2010-01-07 16:37:00Z,4930.5
2010-01-08 16:42:00Z,4942.2
2010-01-11 16:34:00Z,4981.2
2010-01-12 16:33:00Z,4931.6
2010-01-13 16:35:00Z,4900.1
2010-01-14 16:34:00Z,4929.4
2010-01-15 16:35:00Z,4929.5
2010-01-18 16:37:00Z,4936.1
2010-01-19 16:33:00Z,4889.6
2010-01-20 16:34:00Z,4895.1
2010-01-21 16:33:00Z,4849.6
2010-01-22 16:36:00Z,4771.9
2010-01-25 16:35:00Z,4743.1
2010-01-27 16:34:00Z,4670.0
2010-01-28 16:34:00Z,4697.7
2010-01-29 16:34:00Z,4596.9
2010-02-01 16:34:00Z,4544.8
2010-02-02 16:34:00Z,4628.8
2010-02-03 16:35:00Z,4673.2
2010-02-04 16:39:00Z,4644.1
2010-02-05 16:45:00Z,4532.5
2010-02-08 16:36:00Z,4538.8
2010-02-09 16:38:00Z,4520.7
2010-02-10 16:35:00Z,4533.0
2010-02-11 16:46:00Z,4575.8
2010-02-12 16:39:00Z,4588.8
2010-02-15 16:34:00Z,4570.4
2010-02-16 16:34:00Z,4590.8
2010-02-17 16:34:00Z,4686.8
2010-02-18 16:34:00Z,4673.9
2010-02-19 16:34:00Z,4656.3
2010-02-22 16:36:00Z,4732.7
2010-02-23 16:37:00Z,4731.0
2010-02-24 16:35:00Z,4665.9
2010-02-25 16:34:00Z,4614.9
2010-02-26 16:35:00Z,4651.1
2010-03-01 16:36:00Z,4694.9
2010-03-02 16:34:00Z,4709.9
2010-03-03 16:34:00Z,4743.8
2010-03-04 16:38:00Z,4757.6
2010-03-05 16:35:00Z,4773.4
2010-03-08 16:36:00Z,4819.6
2010-03-09 16:33:00Z,4829.3
2010-03-10 16:34:00Z,4829.8
2010-03-11 16:34:00Z,4825.5
2010-03-12 16:35:00Z,4831.5
2010-03-15 16:36:00Z,4799.4
2010-03-16 16:36:00Z,4809.1
2010-03-17 16:34:00Z,4866.9
2010-03-18 16:36:00Z,4877.7
2010-03-19 16:38:00Z,4890.1
2010-03-22 16:36:00Z,4847.5
2010-03-23 16:40:00Z,4887.9
2010-03-24 16:34:00Z,4903.2
2010-03-25 16:34:00Z,4896.3
2010-03-26 16:37:00Z,4905.2
2010-03-29 16:34:00Z,4907.2
2010-03-30 16:37:00Z,4926.8
2010-03-31 16:34:00Z,4893.1
2010-04-01 16:34:00Z,4925.9
2010-04-06 16:36:00Z,4974.1
2010-04-07 16:35:00Z,4983.2
2010-04-08 16:34:00Z,4960.3
2010-04-09 16:33:00Z,4972.9
2010-04-12 16:37:00Z,5011.6
2010-04-13 16:34:00Z,4978.4
2010-04-14 16:36:00Z,5017.9
2010-04-15 16:35:00Z,5024.1
2010-04-16 16:34:00Z,5007.3
2010-04-19 17:02:00Z,4939.4
2010-04-20 16:36:00Z,4949.5
2010-04-21 16:35:00Z,4980.5
2010-04-22 16:37:00Z,4936.8
2010-04-23 16:37:00Z,4913.5
2010-04-27 16:37:00Z,4913.3
2010-04-28 16:37:00Z,4854.2
2010-04-29 16:36:00Z,4816.1
2010-04-30 16:43:00Z,4833.9
2010-05-03 16:36:00Z,4807.1
2010-05-04 16:47:00Z,4753.3
2010-05-05 16:36:00Z,4692.0
2010-05-06 16:36:00Z,4598.6
2010-05-07 16:37:00Z,4507.4
2010-05-10 16:39:00Z,4622.2
2010-05-11 16:38:00Z,4573.2
2010-05-12 16:38:00Z,4599.7
2010-05-13 16:38:00Z,4679.5
2010-05-14 16:36:00Z,4643.0
2010-05-17 16:37:00Z,4500.7
2010-05-18 16:36:00Z,4500.0
2010-05-19 16:36:00Z,4414.3
2010-05-20 16:37:00Z,4342.4
2010-05-21 16:34:00Z,4325.8
2010-05-24 16:36:00Z,4412.8
2010-05-25 16:36:00Z,4286.3
2010-05-26 16:34:00Z,4330.4
2010-05-27 16:36:00Z,4399.1
2010-05-28 16:37:00Z,4479.0
2010-05-31 16:34:00Z,4453.6
2010-06-01 16:35:00Z,4436.7
2010-06-02 16:35:00Z,4403.7
2010-06-03 16:37:00Z,4506.2
2010-06-04 16:37:00Z,4472.4
2010-06-07 16:37:00Z,4350.7
2010-06-08 16:37:00Z,4401.2
2010-06-09 16:39:00Z,4402.6
2010-06-10 16:38:00Z,4448.4
2010-06-11 16:37:00Z,4516.5
2010-06-15 16:36:00Z,4517.6
2010-06-16 16:35:00Z,4572.1
2010-06-17 16:38:00Z,4547.0
2010-06-18 16:41:00Z,4574.1
2010-06-21 16:36:00Z,4632.7
2010-06-22 16:35:00Z,4581.3
2010-06-23 16:38:00Z,4509.4
2010-06-24 16:37:00Z,4504.1
2010-06-25 16:38:00Z,4439.4
2010-06-28 17:32:00Z,4409.7
2010-06-29 16:36:00Z,4370.6
2010-06-30 16:36:00Z,4324.8
2010-07-01 16:36:00Z,4262.7
2010-07-02 16:46:00Z,4264.9
2010-07-05 16:35:00Z,4250.6
2010-07-06 16:36:00Z,4299.7
2010-07-07 16:37:00Z,4277.8
2010-07-08 16:17:00Z,4374.0
2010-07-09 16:35:00Z,4414.5
2010-07-12 16:36:00Z,4429.5
2010-07-13 16:36:00Z,4400.0
2010-07-14 16:35:00Z,4477.3
2010-07-15 16:38:00Z,4456.7
2010-07-16 16:39:00Z,4437.0
2010-07-19 16:36:00Z,4372.7
2010-07-20 16:46:00Z,4418.7
2010-07-21 16:51:00Z,4428.7
2010-07-22 16:36:00Z,4394.8
2010-07-23 16:36:00Z,4475.1
2010-07-26 16:36:00Z,4504.4
2010-07-27 16:41:00Z,4513.9
2010-07-28 16:36:00Z,4542.1
2010-07-29 16:38:00Z,4536.2
2010-07-30 16:36:00Z,4507.4
2010-08-02 16:36:00Z,4554.4
2010-08-03 17:04:00Z,4586.5
2010-08-04 16:39:00Z,4559.7
2010-08-05 16:36:00Z,4584.9
2010-08-06 16:37:00Z,4586.3
2010-08-09 16:40:00Z,4615.6
2010-08-10 16:38:00Z,4563.0
2010-08-11 16:36:00Z,4479.7
2010-08-12 16:37:00Z,4422.4
2010-08-13 16:36:00Z,4480.9
2010-08-16 16:35:00Z,4465.4
2010-08-17 16:37:00Z,4503.2
2010-08-18 16:42:00Z,4503.9
2010-08-19 16:37:00Z,4509.6
2010-08-20 16:37:00Z,4462.1
2010-08-23 16:38:00Z,4460.5
2010-08-24 16:38:00Z,4418.4
2010-08-25 16:37:00Z,4356.6
2010-08-26 16:37:00Z,4389.4
2010-08-27 16:38:00Z,4404.1
2010-08-30 16:36:00Z,4483.1
2010-08-31 16:38:00Z,4438.8
2010-09-01 16:43:00Z,4526.8
2010-09-02 16:37:00Z,4563.0
2010-09-03 16:40:00Z,4577.6
2010-09-06 16:37:00Z,4615.7
2010-09-07 16:41:00Z,4613.0
2010-09-08 16:37:00Z,4578.3
2010-09-09 16:39:00Z,4621.3
2010-09-10 16:40:00Z,4600.7
2010-09-13 16:36:00Z,4654.2
2010-09-14 16:36:00Z,4669.1
2010-09-15 16:39:00Z,4702.7
2010-09-16 16:38:00Z,4650.0
2010-09-17 16:41:00Z,4685.1
2010-09-20 16:38:00Z,4677.1
2010-09-21 16:38:37Z,4664.9
2010-09-22 16:39:28Z,4674.7
2010-09-23 16:37:48Z,4680.0
2010-09-24 16:42:00Z,4651.5
2010-09-24 16:42:51Z,4651.5
2010-09-27 16:41:10Z,4722.2
2010-09-28 16:39:38Z,4717.0
2010-09-29 16:36:48Z,4694.0
2010-09-30 16:37:39Z,4636.9
2010-10-01 16:36:03Z,4634.7
2010-10-04 16:37:34Z,4678.4
2010-10-05 16:36:38Z,4660.6
2010-10-06 16:36:54Z,4738.0
2010-10-07 16:36:40Z,4746.2
2010-10-08 16:38:50Z,4740.5
2010-10-11 16:36:19Z,4762.1
2010-10-12 16:40:39Z,4686.3
2010-10-13 16:36:03Z,4691.1
2010-10-14 16:38:00Z,4765.9
2010-10-15 16:37:30Z,4758.2
2010-10-18 16:41:35Z,4723.4
2010-10-19 16:39:47Z,4727.3
2010-10-20 16:39:03Z,4694.5
2010-10-21 16:39:06Z,4696.4
2010-10-22 16:39:55Z,4719.6
2010-10-25 16:39:32Z,4780.6
2010-10-26 16:38:40Z,4761.5
2010-10-27 16:38:29Z,4720.5
2010-10-28 16:38:29Z,4752.8
2010-10-29 16:44:45Z,4733.4
2010-11-01 16:38:03Z,4770.9
2010-11-02 16:40:30Z,4773.2
2010-11-03 16:39:05Z,4793.8
2010-11-04 16:47:08Z,4817.5
2010-11-05 16:41:17Z,4872.9
2010-11-08 16:38:33Z,4855.3
2010-11-09 16:39:48Z,4820.8
2010-11-10 16:38:18Z,4779.5
2010-11-11 16:37:47Z,4810.3
2010-11-12 16:40:35Z,4778.8
2010-11-15 16:44:37Z,4773.3
2010-11-16 16:38:47Z,4782.8
2010-11-17 16:39:04Z,4705.1
2010-11-18 16:39:51Z,4722.8
2010-11-19 16:43:00Z,4717.7
2010-11-22 16:35:33Z,4731.8
2010-11-23 16:36:45Z,4676.9
2010-11-24 16:40:59Z,4673.2
2010-11-25 16:39:02Z,4683.3
2010-11-26 16:38:49Z,4690.2
2010-11-29 16:37:02Z,4706.7
2010-11-30 16:39:51Z,4676.4
2010-12-01 16:56:32Z,4676.8
2010-12-02 16:36:36Z,4761.8
2010-12-03 16:40:37Z,4780.1
2010-12-06 16:35:34Z,4779.4
2010-12-07 16:36:33Z,4816.0
2010-12-08 16:36:32Z,4791.7
2010-12-09 16:41:42Z,4827.5
2010-12-10 16:36:04Z,4830.0
2010-12-13 16:36:52Z,4841.2
2010-12-14 16:38:11Z,4850.9
2010-12-15 16:37:06Z,4853.4
2010-12-16 16:36:12Z,4868.8
2010-12-17 16:36:24Z,4853.0
2010-12-20 16:42:02Z,4829.2
2010-12-21 16:39:44Z,4862.5
2010-12-22 16:37:03Z,4869.6
2010-12-23 16:36:33Z,4888.2
2010-12-24 14:38:19Z,4868.3
2010-12-24 14:38:19Z,4868.3
2010-12-24 14:38:19Z,4868.3
2010-12-29 16:38:55Z,4871.6
2010-12-30 16:37:11Z,4886.7
2010-12-31 14:40:32Z,4846.9
2010-12-31 14:40:32Z,4846.9
2011-01-04 16:38:35Z,4849.5
2011-01-05 16:38:15Z,4820.9
2011-01-06 16:38:24Z,4831.1
2011-01-07 16:41:09Z,4812.0
2011-01-10 16:36:17Z,4818.7
2011-01-11 16:36:41Z,4814.9
2011-01-12 16:36:01Z,4831.9
2011-01-13 16:38:32Z,4901.5
2011-01-14 16:36:32Z,4908.6
2011-01-17 16:38:10Z,4872.6
2011-01-18 16:38:50Z,4911.6
2011-01-19 16:36:06Z,4944.2
2011-01-20 16:37:08Z,4892.0
2011-01-21 16:38:33Z,4860.9
2011-01-24 16:36:37Z,4888.1
2011-01-25 16:38:48Z,4909.0
2011-01-25 16:38:48Z,4909.0
2011-01-27 16:38:30Z,4907.0
2011-01-28 16:39:44Z,4872.5
2011-01-31 16:50:46Z,4850.0
2011-02-01 16:36:47Z,4852.0
2011-02-02 16:42:15Z,4897.9
2011-02-03 16:45:32Z,4919.3
2011-02-04 16:39:38Z,4958.8
2011-02-07 16:39:40Z,4964.3
2011-02-08 16:36:23Z,4983.1
2011-02-09 16:37:04Z,4995.1
2011-02-10 16:36:06Z,5001.7
2011-02-11 16:36:29Z,4970.6
2011-02-14 16:41:41Z,5023.4
2011-02-15 16:37:09Z,5019.4
2011-02-16 16:38:07Z,5018.6
2011-02-17 16:38:48Z,5026.0
2011-02-18 16:38:24Z,5026.1
2011-02-21 16:38:03Z,4990.9
2011-02-22 16:45:36Z,4947.3
2011-02-23 16:39:03Z,4935.6
2011-02-24 16:38:18Z,4901.1
2011-02-25 16:36:42Z,4924.9
2011-02-28 16:17:03Z,4922.6
2011-03-01 16:38:39Z,4920.4
2011-03-02 16:40:12Z,4898.3
2011-03-03 16:39:13Z,4902.8
2011-03-04 16:43:10Z,4958.6
2011-03-07 16:40:01Z,4895.9
2011-03-08 16:40:17Z,4902.5
2011-03-09 16:35:56Z,4863.2
2011-03-10 16:43:42Z,4791.3
2011-03-11 16:35:46Z,4734.8
2011-03-14 16:36:49Z,4710.1
2011-03-15 16:55:51Z,4609.9
2011-03-16 16:37:06Z,4644.0
2011-03-17 16:38:20Z,4638.4
2011-03-18 16:35:14Z,4715.8
2011-03-21 16:38:31Z,4734.1
2011-03-22 16:37:56Z,4737.7
2011-03-23 16:38:58Z,4746.5
2011-03-24 16:37:20Z,4794.2
2011-03-25 16:36:35Z,4840.3
2011-03-28 16:37:02Z,4831.9
2011-03-29 16:38:39Z,4851.2
2011-03-30 16:36:33Z,4912.7
2011-03-31 16:38:45Z,4928.6
2011-04-01 16:38:44Z,4954.6
2011-04-04 16:48:16Z,4984.7
2011-04-05 16:36:47Z,4998.6
2011-04-06 16:56:58Z,5011.4
2011-04-07 16:37:42Z,5005.5
2011-04-08 16:38:59Z,5036.5
2011-04-11 16:40:05Z,5064.9
2011-04-12 16:37:27Z,4990.2
2011-04-13 16:38:51Z,4999.6
2011-04-14 16:40:08Z,4972.4
2011-04-15 16:39:15Z,4939.3
2011-04-18 16:38:26Z,4945.4
2011-04-19 16:41:55Z,4874.3
2011-04-20 16:38:03Z,4940.2
2011-04-21 16:37:13Z,4995.7
2011-04-21 16:37:13Z,4995.7
2011-04-21 16:37:13Z,4995.7
2011-04-21 16:37:13Z,4995.7
2011-04-27 16:39:25Z,4954.0
2011-04-28 16:37:28Z,4952.3
2011-04-29 16:36:44Z,4899.0
2011-05-02 16:45:12Z,4896.2
2011-05-03 16:39:33Z,4854.7
2011-05-04 16:41:17Z,4813.8
2011-05-05 16:37:20Z,4828.9
2011-05-06 16:35:45Z,4816.1
2011-05-09 16:39:56Z,4831.7
2011-05-10 16:39:53Z,4803.6
2011-05-11 16:38:40Z,4858.2
2011-05-12 16:38:08Z,4776.6
2011-05-13 16:39:16Z,4787.3
2011-05-16 16:44:58Z,4724.2
2011-05-17 16:38:23Z,4753.0
2011-05-18 16:41:45Z,4765.3
2011-05-19 16:39:28Z,4828.2
2011-05-20 16:37:03Z,4807.7
2011-05-23 16:36:50Z,4722.9
2011-05-24 16:37:26Z,4708.3
2011-05-25 16:40:35Z,4661.6
2011-05-26 16:37:39Z,4735.1
2011-05-27 13:15:07Z,4762.3
2011-06-01 16:37:46Z,4788.6
2011-06-02 16:41:20Z,4683.2
2011-06-03 16:36:34Z,4666.6
2011-06-06 16:38:10Z,4648.7
2011-06-07 16:37:40Z,4641.1
2011-06-08 16:37:49Z,4608.7
2011-06-09 16:39:42Z,4621.7
2011-06-10 16:35:56Z,4634.9
2011-06-10 16:35:56Z,4634.9
2011-06-14 16:38:31Z,4651.1
2011-06-15 16:37:41Z,4635.4
2011-06-16 16:38:50Z,4546.7
2011-06-17 16:37:36Z,4551.1
2011-06-20 16:36:17Z,4512.5
2011-06-21 16:44:39Z,4565.2
2011-06-22 16:38:22Z,4590.8
2011-06-23 16:41:25Z,4561.4
2011-06-24 16:37:52Z,4565.0
2011-06-27 16:37:44Z,4513.8
2011-06-28 16:37:54Z,4523.2
2011-06-29 16:38:30Z,4579.8
2011-06-30 17:33:21Z,4659.8
2011-07-01 16:43:10Z,4647.9
2011-07-04 16:37:08Z,4670.4
2011-07-05 16:37:31Z,4656.9
2011-07-06 17:07:47Z,4663.6
2011-07-07 16:38:02Z,4666.1
2011-07-08 16:37:44Z,4716.0
2011-07-11 16:38:38Z,4646.8
2011-07-12 16:39:12Z,4563.5
2011-07-13 14:40:05Z,4580.6
2011-07-14 16:37:22Z,4561.3
2011-07-15 16:38:03Z,4542.7
2011-07-18 16:37:59Z,4539.9
2011-07-19 16:40:42Z,4539.4
2011-07-20 16:41:28Z,4618.4
2011-07-21 16:36:57Z,4626.2
2011-07-22 16:37:45Z,4674.1
2011-07-25 16:43:04Z,4603.8
2011-07-26 16:39:12Z,4646.3
2011-07-27 16:38:38Z,4612.6
2011-07-28 16:42:36Z,4539.2
2011-07-29 16:36:37Z,4500.5
2011-08-01 16:17:03Z,4573.1
2011-08-02 16:37:27Z,4510.3
2011-08-03 16:36:23Z,4408.3
2011-08-04 16:37:46Z,4352.9
2011-08-05 16:39:05Z,4169.7
2011-08-08 16:36:02Z,4056.7
2011-08-09 16:35:53Z,4096.7
2011-08-10 16:40:21Z,4207.4
2011-08-11 16:36:40Z,4203.5
2011-08-12 16:36:43Z,4237.9
2011-08-15 16:37:42Z,4346.8
2011-08-16 16:37:50Z,4317.3
2011-08-17 16:36:12Z,4371.8
2011-08-18 16:36:09Z,4319.4
2011-08-19 16:44:18Z,4171.9
2011-08-22 16:35:43Z,4150.8
2011-08-23 16:38:08Z,4239.8
2011-08-24 16:41:23Z,4235.7
2011-08-25 16:43:37Z,4280.5
2011-08-26 16:38:59Z,4271.0
2011-08-29 16:42:09Z,4333.7
2011-08-30 16:37:04Z,4341.4
2011-08-31 16:42:29Z,4369.9
2011-09-01 16:37:29Z,4382.7
2011-09-02 16:39:27Z,4321.5
2011-09-05 16:36:24Z,4224.2
2011-09-06 16:36:26Z,4160.7
2011-09-07 16:37:06Z,4262.9
2011-09-08 16:57:32Z,4269.8
2011-09-09 16:45:44Z,4277.4
2011-09-12 16:38:02Z,4125.1
2011-09-13 16:39:37Z,4158.4
2011-09-14 16:40:23Z,4090.4
2011-09-15 16:36:42Z,4153.2
2011-09-16 16:38:17Z,4229.9
2011-09-19 16:37:51Z,4164.1
2011-09-20 16:36:29Z,4124.8
2011-09-21 16:37:49Z,4153.6
2011-09-22 16:36:53Z,4044.7
2011-09-23 17:07:24Z,3978.5
2011-09-26 17:14:28Z,3927.6
2011-09-27 16:35:42Z,4063.5
2011-09-28 16:38:59Z,4097.7
2011-09-29 16:39:38Z,4067.9
2011-09-30 16:36:25Z,4070.1
2011-10-03 17:03:49Z,3960.7
2011-10-04 16:37:49Z,3935.6
2011-10-05 16:41:32Z,3992.5
2011-10-06 16:37:39Z,4132.1
2011-10-07 16:37:10Z,4225.0
2011-10-10 16:38:04Z,4262.3
2011-10-11 16:38:01Z,4288.8
2011-10-12 16:36:41Z,4266.4
2011-10-13 16:36:30Z,4306.0
2011-10-14 17:46:35Z,4269.0
2011-10-17 16:38:11Z,4337.9
2011-10-18 16:40:04Z,4249.5
2011-10-19 16:41:59Z,4274.8
2011-10-20 16:36:54Z,4206.8
2011-10-21 16:39:29Z,4203.4
2011-10-24 16:38:53Z,4313.6
2011-10-25 16:36:33Z,4287.7
2011-10-26 16:36:51Z,4300.8
2011-10-27 16:36:25Z,4403.9
2011-10-28 16:36:58Z,4411.4
2011-10-31 16:45:21Z,4360.5
2011-11-01 16:36:44Z,4297.2
2011-11-02 16:38:41Z,4251.3
2011-11-03 16:38:54Z,4237.5
2011-11-04 16:46:27Z,4342.5
2011-11-07 16:45:46Z,4335.3
2011-11-08 16:39:13Z,4356.7
2011-11-09 16:40:40Z,4406.2
2011-11-10 16:41:37Z,4307.3
2011-11-11 16:39:15Z,4358.6
2011-11-14 16:41:26Z,4369.1
2011-11-15 16:35:30Z,4351.5
2011-11-16 16:39:21Z,4313.8
2011-11-17 16:45:13Z,4324.1
2011-11-18 16:45:46Z,4246.7
2011-11-21 16:41:04Z,4233.6
2011-11-22 16:42:40Z,4204.2
2011-11-23 16:37:13Z,4125.8
2011-11-24 16:38:00Z,4115.3
2011-11-25 16:41:38Z,4057.6
2011-11-28 16:37:31Z,4125.8
2011-11-29 16:21:43Z,4167.3
2011-11-30 16:36:43Z,4184.7
2011-12-01 16:57:04Z,4288.1
2011-12-02 16:39:27Z,4346.3
2011-12-05 16:46:09Z,4379.5
2011-12-06 17:49:54Z,4321.6
2011-12-07 16:36:31Z,4351.3
2011-12-08 16:45:38Z,4338.9
2011-12-09 16:37:39Z,4264.1
2011-12-12 16:36:17Z,4311.4
2011-12-13 16:40:44Z,4251.7
2011-12-14 16:43:13Z,4249.8
2011-12-15 16:38:58Z,4197.8
2011-12-16 16:49:22Z,4218.8
2011-12-19 16:36:52Z,4113.9
2011-12-20 16:39:33Z,4107.1
2011-12-21 16:21:48Z,4190.2
2011-12-22 16:43:15Z,4142.2
2011-12-23 14:42:04Z,4192.1
2011-12-23 14:42:04Z,4192.1
2011-12-23 14:42:04Z,4192.1
2011-12-28 16:43:37Z,4141.7
2011-12-29 16:47:23Z,4123.1
2011-12-30 14:43:55Z,4111.0
2011-12-30 14:43:55Z,4111.0
2012-01-03 16:38:21Z,4155.2
2012-01-04 16:39:56Z,4239.5
2012-01-05 16:39:53Z,4196.6
2012-01-06 16:37:24Z,4164.5
2012-01-09 16:42:57Z,4161.5
2012-01-10 16:41:00Z,4206.6
2012-01-11 16:39:23Z,4242.9
2012-01-12 16:41:03Z,4238.4
2012-01-13 16:55:09Z,4255.4
2012-01-16 16:17:05Z,4208.9
2012-01-17 16:17:01Z,4277.7
2012-01-18 16:17:06Z,4280.6
2012-01-19 16:17:03Z,4278.6
2012-01-20 16:17:01Z,4303.0
2012-01-23 16:17:01Z,4287.6
2012-01-24 16:17:04Z,4286.4
2012-01-25 16:36:23Z,4329.1
2012-01-25 16:36:23Z,4329.1
2012-01-27 16:37:48Z,4348.5
2012-01-30 16:40:28Z,4334.4
2012-01-31 16:39:00Z,4325.7
2012-02-01 16:47:34Z,4291.0
2012-02-02 16:56:58Z,4333.2
2012-02-03 16:37:28Z,4320.1
2012-02-06 16:44:13Z,4364.6
2012-02-07 16:39:20Z,4344.9
2012-02-08 16:38:36Z,4363.7
2012-02-09 16:37:58Z,4357.1
2012-02-10 16:50:09Z,4322.6
2012-02-13 16:35:37Z,4359.4
2012-02-14 16:39:42Z,4318.9
2012-02-15 16:37:55Z,4327.4
2012-02-16 16:55:16Z,4257.2
2012-02-17 16:35:50Z,4273.3
2012-02-20 17:02:51Z,4332.8
2012-02-21 16:38:04Z,4368.2
2012-02-22 16:44:47Z,4372.1
2012-02-23 16:37:44Z,4367.5
2012-02-24 16:37:45Z,4389.0
2012-02-27 16:41:09Z,4354.5
2012-02-28 16:42:53Z,4351.2
2012-02-29 16:44:57Z,4388.1
2012-03-01 16:40:58Z,4346.0
2012-03-02 16:38:53Z,4364.1
2012-03-05 16:42:37Z,4354.2
2012-03-06 16:38:23Z,4295.5
2012-03-07 16:38:49Z,4234.4
2012-03-08 16:40:36Z,4262.2
2012-03-09 16:37:55Z,4300.5
2012-03-12 16:37:49Z,4288.2
2012-03-13 17:02:37Z,4336.5
2012-03-14 16:39:07Z,4375.6
2012-03-15 16:52:52Z,4366.9
2012-03-16 16:41:23Z,4364.7
2012-03-19 16:44:01Z,4381.2
2012-03-20 16:38:57Z,4365.6
2012-03-21 16:39:44Z,4347.0
2012-03-22 16:37:14Z,4364.9
2012-03-23 16:37:03Z,4360.7
2012-03-26 16:38:20Z,4355.2
2012-03-27 16:37:28Z,4391.6
2012-03-28 16:49:37Z,4431.5
2012-03-29 16:38:53Z,4422.0
2012-03-30 17:00:14Z,4420.0
2012-04-02 16:43:08Z,4416.4
2012-04-03 16:43:21Z,4424.4
2012-04-04 16:38:49Z,4418.9
2012-04-05 16:35:50Z,4402.3
2012-04-05 16:35:50Z,4402.3
2012-04-05 16:35:50Z,4402.3
2012-04-10 16:38:39Z,4373.7
2012-04-11 16:47:55Z,4327.3
2012-04-12 16:39:41Z,4361.7
2012-04-13 16:40:34Z,4404.2
2012-04-16 16:49:16Z,4382.5
2012-04-17 16:42:34Z,4368.8
2012-04-18 16:47:27Z,4427.2
2012-04-19 16:53:35Z,4441.3
2012-04-20 16:45:03Z,4444.4
2012-04-23 16:40:41Z,4430.3
2012-04-24 16:42:46Z,4433.9
2012-04-24 16:42:46Z,4433.9
2012-04-26 16:49:14Z,4445.0
2012-04-27 16:37:14Z,4433.4
2012-04-30 17:03:40Z,4467.2
2012-05-01 16:58:29Z,4497.3
2012-05-02 16:41:07Z,4504.8
2012-05-03 16:41:57Z,4494.5
2012-05-04 16:45:04Z,4459.4
2012-05-07 16:46:13Z,4361.6
2012-05-08 16:42:25Z,4375.9
2012-05-09 16:45:41Z,4332.2
2012-05-10 16:40:30Z,4353.8
2012-05-11 16:40:33Z,4342.7
2012-05-14 16:38:58Z,4351.9
2012-05-15 16:42:48Z,4316.3
2012-05-16 16:41:43Z,4214.7
2012-05-17 17:01:52Z,4208.5
2012-05-18 16:46:30Z,4098.8
2012-05-21 17:01:25Z,4124.4
2012-05-22 16:57:16Z,4173.5
2012-05-23 16:55:05Z,4118.8
2012-05-24 16:44:50Z,4106.2
2012-05-25 16:39:31Z,4081.2
2012-05-28 16:50:36Z,4120.2
2012-05-29 16:43:36Z,4168.2
2012-05-30 16:48:36Z,4148.7
2012-05-31 16:47:36Z,4133.7
2012-06-01 16:43:06Z,4116.9
2012-06-04 17:01:06Z,4033.4
2012-06-05 16:41:07Z,4092.4
2012-06-06 16:41:06Z,4104.7
2012-06-07 16:42:36Z,4156.7
2012-06-08 16:43:06Z,4111.2
2012-06-08 16:43:06Z,4111.2
2012-06-12 16:52:36Z,4118.3
2012-06-13 16:40:36Z,4111.5
2012-06-14 16:38:36Z,4089.8
2012-06-15 16:17:06Z,4107.0
2012-06-18 17:00:06Z,4183.9
2012-06-19 16:51:36Z,4167.4
2012-06-20 16:51:36Z,4176.8
2012-06-21 16:45:06Z,4133.7
2012-06-22 16:56:37Z,4093.8
2012-06-25 16:42:06Z,4072.0
2012-06-26 16:39:36Z,4056.3
2012-06-27 16:48:36Z,4084.0
2012-06-28 16:40:36Z,4085.6
2012-06-29 16:42:06Z,4135.5
2012-07-02 16:44:06Z,4172.5
2012-07-03 16:17:06Z,4166.4
2012-07-04 16:49:06Z,4213.8
2012-07-05 16:40:07Z,4209.9
2012-07-06 16:42:06Z,4199.0
2012-07-09 16:43:06Z,4159.8
2012-07-10 16:39:36Z,4137.9
2012-07-11 16:17:06Z,4135.0
2012-07-12 16:42:07Z,4106.0
2012-07-13 16:51:07Z,4118.3
2012-07-16 16:43:06Z,4143.2
2012-07-17 16:48:36Z,4175.3
2012-07-18 16:48:06Z,4156.4
2012-07-19 16:45:06Z,4236.4
2012-07-20 16:47:06Z,4230.6
2012-07-23 16:40:07Z,4159.2
2012-07-24 16:40:07Z,4161.2
2012-07-25 16:48:36Z,4151.4
2012-07-26 16:41:06Z,4173.8
2012-07-27 16:45:36Z,4234.4
2012-07-30 16:52:06Z,4266.9
2012-07-31 16:43:36Z,4289.4
2012-08-01 16:43:06Z,4282.7
2012-08-02 16:59:36Z,4290.1
2012-08-03 16:48:37Z,4243.0
2012-08-06 16:43:36Z,4292.9
2012-08-07 16:37:36Z,4311.4
2012-08-08 16:40:06Z,4332.9
2012-08-09 16:40:06Z,4330.1
2012-08-10 16:42:36Z,4302.8
2012-08-13 16:50:06Z,4309.5
2012-08-14 16:46:37Z,4317.4
2012-08-15 16:44:07Z,4307.0
2012-08-16 16:40:06Z,4353.5
2012-08-17 17:01:06Z,4393.8
2012-08-20 16:43:06Z,4391.9
2012-08-21 16:45:36Z,4410.8
2012-08-22 16:41:07Z,4403.3
2012-08-23 16:41:36Z,4411.8
2012-08-24 16:17:07Z,4376.5
2012-08-27 16:41:36Z,4372.9
2012-08-28 16:46:36Z,4387.0
2012-08-29 16:50:36Z,4381.5
2012-08-30 16:47:06Z,4340.2
2012-08-31 16:17:06Z,4339.0
2012-09-03 16:50:07Z,4351.6
2012-09-04 16:43:06Z,4325.6
2012-09-05 16:42:36Z,4297.7
2012-09-06 16:44:37Z,4331.6
2012-09-07 16:54:36Z,4348.8
2012-09-10 16:49:37Z,4358.0
2012-09-11 16:44:06Z,4348.3
2012-09-12 16:39:36Z,4383.1
2012-09-13 16:41:36Z,4359.8
2012-09-14 16:42:06Z,4410.2
2012-09-17 16:49:36Z,4421.8
2012-09-18 16:46:06Z,4417.8
2012-09-19 16:45:06Z,4440.4
2012-09-20 16:43:06Z,4419.8
2012-09-21 16:45:37Z,4430.8
2012-09-24 16:44:36Z,4409.2
2012-09-25 16:17:06Z,4395.5
2012-09-26 16:48:37Z,4382.5
2012-09-27 16:57:36Z,4402.8
2012-09-28 16:41:37Z,4406.3
2012-10-01 16:41:36Z,4408.3
2012-10-02 16:55:36Z,4451.9
2012-10-03 16:43:36Z,4458.8
2012-10-04 16:49:06Z,4472.6
2012-10-05 16:52:07Z,4513.8
2012-10-08 16:50:07Z,4502.0
2012-10-09 16:40:36Z,4526.6
2012-10-10 16:46:36Z,4511.9
2012-10-11 16:47:07Z,4505.2
2012-10-12 16:45:37Z,4510.1
2012-10-15 16:49:36Z,4505.5
2012-10-16 16:22:40Z,4513.9
2012-10-17 16:57:07Z,4550.9
2012-10-18 16:59:36Z,4580.9
2012-10-19 16:22:44Z,4593.5
2012-10-22 16:43:37Z,4564.6
2012-10-23 16:47:37Z,4568.0
2012-10-24 16:43:36Z,4530.6
2012-10-25 16:41:36Z,4533.5
2012-10-26 16:43:06Z,4496.3
2012-10-29 16:42:36Z,4499.4
2012-10-30 16:17:06Z,4505.7
2012-10-31 16:17:06Z,4535.4
2012-11-01 16:43:06Z,4479.9
2012-11-02 16:42:06Z,4483.3
2012-11-05 16:41:06Z,4493.6
2012-11-06 16:17:07Z,4503.8
2012-11-07 16:40:36Z,4534.2
2012-11-08 16:38:07Z,4502.2
2012-11-09 16:45:06Z,4482.5
2012-11-12 16:49:06Z,4469.9
2012-11-13 16:44:36Z,4404.2
2012-11-14 16:43:36Z,4410.7
2012-11-15 16:42:06Z,4370.6
2012-11-16 16:48:36Z,4360.1
2012-11-19 16:43:06Z,4382.6
2012-11-20 16:46:36Z,4407.5
2012-11-21 16:39:36Z,4390.7
2012-11-22 16:42:36Z,4432.4
2012-11-23 16:47:37Z,4431.5
2012-11-26 16:53:37Z,4443.5
2012-11-27 16:40:36Z,4473.4
2012-11-28 16:57:37Z,4462.6
2012-11-29 16:53:07Z,4490.1
2012-11-30 16:48:37Z,4518.0
2012-12-03 16:41:35Z,4540.0
2012-12-04 16:40:35Z,4511.8
2012-12-05 16:41:35Z,4528.0
2012-12-06 16:42:35Z,4515.7
2012-12-07 16:45:05Z,4555.9
2012-12-10 16:43:35Z,4562.4
2012-12-11 16:46:35Z,4581.3
2012-12-12 16:40:35Z,4591.8
2012-12-13 16:47:35Z,4592.9
2012-12-14 16:39:05Z,4595.1
2012-12-17 16:40:05Z,4588.0
2012-12-18 16:40:35Z,4610.5
2012-12-19 16:39:36Z,4633.2
2012-12-20 16:55:06Z,4646.6
2012-12-21 16:51:05Z,4635.2
2012-12-24 16:30:05Z,4645.6
2012-12-24 16:30:05Z,4645.6
2012-12-24 16:30:05Z,4645.6
2012-12-27 16:43:35Z,4661.4
2012-12-28 16:17:05Z,4685.3
2012-12-31 14:49:05Z,4664.6
2012-12-31 14:49:05Z,4664.6
2013-01-02 16:47:35Z,4722.9
2013-01-03 16:47:35Z,4761.4
2013-01-04 16:45:35Z,4742.9
2013-01-07 16:39:35Z,4738.1
2013-01-08 16:46:35Z,4712.3
2013-01-09 16:53:05Z,4730.1
2013-01-10 16:50:35Z,4745.2
2013-01-11 16:53:35Z,4733.8
2013-01-14 16:40:05Z,4745.7
2013-01-15 16:40:35Z,4743.0
2013-01-16 16:43:05Z,4765.0
2013-01-17 16:38:35Z,4779.7
2013-01-18 16:45:05Z,4794.7
2013-01-21 16:43:05Z,4802.2
2013-01-22 16:43:35Z,4802.9
2013-01-23 16:41:35Z,4812.1
2013-01-24 16:47:35Z,4833.8
2013-01-25 16:41:35Z,4858.9
2013-01-25 16:41:35Z,4858.9
2013-01-29 16:46:06Z,4910.8
2013-01-30 16:54:05Z,4919.1
2013-01-31 16:40:05Z,4901.0
2013-02-01 16:44:35Z,4941.9
2013-02-04 16:40:05Z,4929.1
2013-02-05 16:43:05Z,4902.6
2013-02-06 16:43:05Z,4940.5
2013-02-07 16:48:05Z,4955.8
2013-02-08 16:50:35Z,4989.4
2013-02-11 16:46:35Z,4980.3
2013-02-12 16:47:05Z,4981.5
2013-02-13 16:43:35Z,5024.5
2013-02-14 16:42:35Z,5057.2
2013-02-15 16:45:05Z,5054.6
2013-02-18 16:47:35Z,5082.9
2013-02-19 16:41:35Z,5101.0
2013-02-20 16:56:36Z,5114.4
2013-02-21 16:45:05Z,4998.6
2013-02-22 16:48:35Z,5036.7
2013-02-25 16:43:05Z,5072.7
2013-02-26 16:44:05Z,5021.8
2013-02-27 16:59:35Z,5053.1
2013-02-28 16:54:35Z,5120.4
2013-03-01 16:53:05Z,5100.9
2013-03-04 16:47:06Z,5028.5
2013-03-05 16:50:36Z,5088.1
2013-03-06 16:42:36Z,5130.9
2013-03-07 16:50:05Z,5123.1
2013-03-08 16:39:36Z,5137.5
2013-03-11 16:47:35Z,5160.0
2013-03-12 16:40:35Z,5128.6
2013-03-13 16:42:05Z,5104.4
2013-03-14 16:42:36Z,5043.8
2013-03-15 16:57:05Z,5129.3
2013-03-18 16:40:35Z,5027.4
2013-03-19 16:43:06Z,5004.4
2013-03-20 16:46:35Z,4982.6
2013-03-21 16:47:06Z,4976.8
2013-03-22 16:43:36Z,4980.8
2013-03-25 16:49:06Z,5001.5
2013-03-26 16:41:05Z,4964.7
2013-03-27 16:54:05Z,5007.0
2013-03-28 16:46:35Z,4979.9
2013-03-28 16:46:35Z,4979.9
2013-03-28 16:46:35Z,4979.9
2013-04-02 16:40:05Z,4995.5
2013-04-03 16:42:05Z,4966.4
2013-04-04 16:45:35Z,4919.3
2013-04-05 16:40:35Z,4899.2
2013-04-08 16:17:05Z,4912.7
2013-04-09 16:46:36Z,4980.2
2013-04-10 16:48:35Z,4973.7
2013-04-11 16:44:35Z,5010.3
2013-04-12 16:50:05Z,5016.0
2013-04-15 16:38:36Z,4966.8
2013-04-16 16:52:05Z,4944.1
2013-04-17 16:40:35Z,4993.6
2013-04-18 16:53:05Z,4911.3
2013-04-19 16:46:06Z,4923.0
2013-04-22 16:49:05Z,4955.4
2013-04-23 16:45:05Z,5002.6
2013-04-24 16:43:06Z,5084.2
2013-04-24 16:43:06Z,5084.2
2013-04-26 16:45:06Z,5082.7
2013-04-29 16:52:06Z,5108.3
2013-04-30 16:44:36Z,5168.6
2013-05-01 16:17:05Z,5143.9
2013-05-02 16:51:36Z,5104.1
2013-05-03 16:48:05Z,5105.4
2013-05-06 16:48:35Z,5133.8
2013-05-07 16:43:35Z,5122.7
2013-05-08 16:48:35Z,5177.9
2013-05-09 16:41:36Z,5180.6
2013-05-10 16:49:35Z,5191.1
2013-05-13 16:43:36Z,5194.8
2013-05-14 16:51:05Z,5202.5
2013-05-15 16:43:05Z,5173.3
2013-05-16 16:17:05Z,5144.2
2013-05-17 16:40:36Z,5159.8
2013-05-20 16:42:36Z,5185.4
2013-05-21 17:01:06Z,5156.2
2013-05-22 16:53:05Z,5142.1
2013-05-23 16:49:35Z,5040.8
2013-05-24 16:24:37Z,4964.3
2013-05-27 16:42:05Z,4938.6
2013-05-28 16:44:05Z,4950.6
2013-05-29 16:44:06Z,4959.2
2013-05-30 16:53:05Z,4917.1
2013-05-31 16:45:05Z,4914.0
2013-06-03 16:46:06Z,4873.7
2013-06-04 16:43:35Z,4886.7
2013-06-05 16:41:05Z,4825.2
2013-06-06 16:41:05Z,4771.8
2013-06-07 16:47:35Z,4729.3
2013-06-07 16:47:35Z,4729.3
2013-06-11 16:48:06Z,4748.9
2013-06-12 16:45:06Z,4716.1
2013-06-13 16:41:35Z,4684.9
2013-06-14 16:53:36Z,4775.5
2013-06-17 16:39:05Z,4805.0
2013-06-18 16:43:05Z,4794.6
2013-06-19 16:43:06Z,4841.8
2013-06-20 16:40:05Z,4743.9
2013-06-21 16:17:05Z,4723.8
2013-06-24 16:40:05Z,4651.1
2013-06-25 16:23:09Z,4633.5
2013-06-26 16:46:36Z,4707.8
2013-06-27 16:38:35Z,4784.8
2013-06-28 16:44:35Z,4775.4
2013-07-01 16:45:05Z,4689.7
2013-07-02 16:50:06Z,4810.3
2013-07-03 16:23:04Z,4727.8
2013-07-04 16:45:05Z,4781.0
2013-07-05 16:49:35Z,4826.4
2013-07-08 16:40:05Z,4797.6
2013-07-09 16:47:06Z,4866.5
2013-07-10 16:43:06Z,4885.4
2013-07-11 16:41:36Z,4946.9
2013-07-12 16:44:36Z,4957.5
2013-07-15 16:43:35Z,4965.6
2013-07-16 16:45:06Z,4968.6
2013-07-17 16:42:36Z,4966.5
2013-07-18 16:53:36Z,4976.9
2013-07-19 16:41:05Z,4959.4
2013-07-22 16:44:35Z,4988.9
2013-07-23 16:41:06Z,5004.6
2013-07-24 16:49:36Z,5021.8
2013-07-25 16:44:05Z,5018.3
2013-07-26 16:44:05Z,5023.8
2013-07-29 16:44:05Z,5027.9
2013-07-30 16:40:36Z,5026.3
2013-07-31 16:43:36Z,5035.7
2013-08-01 16:39:35Z,5047.1
2013-08-02 16:49:35Z,5098.7
2013-08-05 16:48:05Z,5093.8
2013-08-06 16:45:36Z,5088.0
2013-08-07 16:58:06Z,4996.6
2013-08-08 16:53:06Z,5047.1
2013-08-09 16:53:06Z,5038.8
2013-08-12 16:41:06Z,5094.1
2013-08-13 16:17:06Z,5141.6
2013-08-14 17:01:06Z,5141.0
2013-08-15 16:47:35Z,5136.7
2013-08-16 16:42:36Z,5100.1
2013-08-19 16:48:36Z,5102.3
2013-08-20 16:48:05Z,5068.8
2013-08-21 16:44:35Z,5090.3
2013-08-22 16:44:05Z,5066.7
2013-08-23 16:46:05Z,5115.2
2013-08-26 16:47:06Z,5127.1
2013-08-27 16:44:36Z,5130.8
2013-08-28 16:55:06Z,5078.0
2013-08-29 16:17:05Z,5083.1
2013-08-30 16:52:05Z,5125.3
2013-09-02 16:50:05Z,5178.0
2013-09-03 16:45:35Z,5188.9
2013-09-04 16:49:05Z,5156.5
2013-09-05 16:45:05Z,5138.4
2013-09-06 16:47:06Z,5144.0
2013-09-09 16:40:36Z,5179.4
2013-09-10 16:47:35Z,5198.9
2013-09-11 16:41:35Z,5230.6
2013-09-12 16:55:06Z,5238.2
2013-09-13 16:46:06Z,5214.7
2013-09-16 16:42:36Z,5241.7
2013-09-17 16:43:06Z,5245.2
2013-09-18 16:46:36Z,5230.4
2013-09-19 16:42:36Z,5288.6
2013-09-20 16:42:05Z,5270.8
2013-09-23 16:41:36Z,5245.8
2013-09-24 16:46:06Z,5229.5
2013-09-25 16:44:35Z,5270.1
2013-09-26 16:43:36Z,5288.2
2013-09-27 16:38:05Z,5302.3
2013-09-30 16:41:35Z,5217.7
2013-10-01 16:41:35Z,5206.3
2013-10-02 16:52:36Z,5214.9
2013-10-03 16:39:35Z,5232.0
2013-10-04 16:43:06Z,5205.9
2013-10-07 16:39:35Z,5160.6
2013-10-08 16:39:36Z,5148.1
2013-10-09 16:41:05Z,5151.6
2013-10-10 16:38:35Z,5146.2
2013-10-11 16:43:06Z,5228.8
2013-10-14 16:40:36Z,5206.5
2013-10-15 16:47:36Z,5259.2
2013-10-16 16:48:05Z,5264.4
2013-10-17 16:40:05Z,5281.9
2013-10-18 16:56:36Z,5321.0
2013-10-21 16:48:06Z,5351.5
2013-10-22 16:40:06Z,5371.2
2013-10-23 17:00:36Z,5356.8
2013-10-24 16:39:36Z,5373.7
2013-10-25 16:46:06Z,5385.7
2013-10-28 16:40:05Z,5437.3
2013-10-29 16:51:06Z,5410.7
2013-10-30 16:46:06Z,5425.4
2013-10-31 16:47:06Z,5420.3
2013-11-01 16:49:36Z,5406.5
2013-11-04 16:52:35Z,5384.2
2013-11-05 16:53:06Z,5425.7
2013-11-06 16:52:05Z,5426.0
2013-11-07 16:48:36Z,5415.4
2013-11-08 16:53:36Z,5394.4
2013-11-11 16:44:35Z,5380.8
2013-11-12 16:52:06Z,5386.8
2013-11-13 16:39:06Z,5317.5
2013-11-14 16:48:06Z,5352.0
2013-11-15 16:52:06Z,5396.2
2013-11-18 16:53:35Z,5377.9
2013-11-19 16:50:36Z,5347.8
2013-11-20 16:39:36Z,5304.6
2013-11-21 16:57:36Z,5284.3
2013-11-22 16:17:06Z,5330.3
2013-11-25 16:43:06Z,5346.1
2013-11-26 16:40:36Z,5350.6
2013-11-27 16:41:36Z,5324.9
2013-11-28 16:39:06Z,5326.6
2013-11-29 16:45:06Z,5314.3
2013-12-02 16:39:05Z,5273.5
2013-12-03 16:45:35Z,5249.6
2013-12-04 16:50:05Z,5267.5
2013-12-05 16:42:35Z,5196.9
2013-12-06 16:41:36Z,5186.0
2013-12-09 16:39:36Z,5148.4
2013-12-10 16:48:36Z,5146.2
2013-12-11 16:42:35Z,5109.5
2013-12-12 16:42:06Z,5069.2
2013-12-13 16:17:06Z,5101.5
2013-12-16 16:40:35Z,5093.1
2013-12-17 16:43:06Z,5106.1
2013-12-18 16:46:05Z,5099.3
2013-12-19 16:38:06Z,5202.0
2013-12-20 16:52:05Z,5261.5
2013-12-23 16:49:05Z,5291.5
2013-12-24 14:43:06Z,5325.4
2013-12-24 14:43:06Z,5325.4
2013-12-24 14:43:06Z,5325.4
2013-12-27 16:52:06Z,5323.8
2013-12-30 16:46:36Z,5358.0
2013-12-31 14:43:06Z,5353.1
2013-12-31 14:43:06Z,5353.1
2014-01-02 16:48:06Z,5369.8
2014-01-03 16:17:06Z,5351.8
2014-01-06 16:38:36Z,5327.7
2014-01-07 16:37:06Z,5318.8
2014-01-08 16:38:06Z,5318.7
2014-01-09 16:55:35Z,5327.5
2014-01-10 16:39:06Z,5316.3
2014-01-13 16:41:06Z,5296.8
2014-01-14 16:38:35Z,5219.8
2014-01-15 16:38:36Z,5255.5
2014-01-16 16:37:06Z,5319.4
2014-01-17 16:42:36Z,5316.4
2014-01-20 16:40:35Z,5307.6
2014-01-21 16:39:36Z,5342.0
2014-01-22 16:40:05Z,5331.3
2014-01-23 16:43:05Z,5275.5
2014-01-24 16:41:36Z,5254.3
2014-01-28 16:41:06Z,5188.0
2014-01-29 16:42:06Z,5240.6
2014-01-30 16:44:36Z,5199.4
2014-01-31 16:47:05Z,5205.1
2014-02-03 16:49:35Z,5201.9
2014-02-04 16:38:35Z,5114.1
2014-02-05 16:46:05Z,5088.7
2014-02-06 16:42:06Z,5147.4
2014-02-07 16:38:06Z,5184.5
2014-02-10 16:22:53Z,5236.5
2014-02-11 16:46:06Z,5267.3
2014-02-12 16:43:36Z,5319.8
2014-02-13 16:56:06Z,5318.7
2014-02-14 16:38:06Z,5366.9
2014-02-17 16:38:06Z,5394.8
2014-02-18 16:38:36Z,5402.2
2014-02-19 16:42:36Z,5415.5
2014-02-20 16:48:36Z,5421.3
2014-02-21 16:44:36Z,5449.4
2014-02-24 16:47:36Z,5450.1
2014-02-25 16:51:06Z,5444.0
2014-02-26 16:39:36Z,5447.0
2014-02-27 16:46:36Z,5421.0
2014-02-28 16:45:35Z,5415.4
2014-03-03 16:39:36Z,5397.4
2014-03-04 16:42:06Z,5411.7
2014-03-05 16:46:05Z,5457.3
2014-03-06 16:49:06Z,5459.7
2014-03-07 16:39:36Z,5477.0
2014-03-10 16:41:06Z,5430.8
2014-03-11 16:49:06Z,5429.3
2014-03-12 16:39:35Z,5400.5
2014-03-13 16:39:35Z,5429.1
2014-03-14 16:46:36Z,5347.1
2014-03-17 16:49:36Z,5335.2
2014-03-18 16:43:06Z,5360.2
2014-03-19 16:41:36Z,5373.0
2014-03-20 16:38:35Z,5312.7
2014-03-21 16:43:06Z,5354.0
2014-03-24 16:46:36Z,5362.1
2014-03-25 16:41:36Z,5351.0
2014-03-26 16:49:06Z,5387.2
2014-03-27 16:40:06Z,5359.7
2014-03-28 16:40:36Z,5376.8
2014-03-31 16:36:05Z,5403.0
2014-04-01 16:38:05Z,5394.9
2014-04-02 16:41:06Z,5408.8
2014-04-03 16:39:06Z,5415.7
2014-04-04 16:43:36Z,5428.6
2014-04-07 16:38:36Z,5416.1
2014-04-08 16:39:35Z,5409.2
2014-04-09 16:44:36Z,5460.3
2014-04-10 16:44:36Z,5477.5
2014-04-11 16:43:05Z,5423.5
2014-04-14 16:48:05Z,5353.6
2014-04-15 16:46:05Z,5380.3
2014-04-16 16:41:06Z,5412.6
2014-04-17 16:37:36Z,5444.8
2014-04-17 16:37:36Z,5444.8
2014-04-17 16:37:36Z,5444.8
2014-04-22 16:43:36Z,5467.1
2014-04-23 16:43:06Z,5502.2
2014-04-24 16:40:36Z,5515.5
2014-04-24 16:40:36Z,5515.5
2014-04-28 16:40:06Z,5516.1
2014-04-29 16:40:36Z,5466.9
2014-04-30 16:50:35Z,5470.8
2014-05-01 16:42:06Z,5430.4
2014-05-02 16:52:06Z,5438.8
2014-05-05 16:48:06Z,5443.4
2014-05-06 16:40:35Z,5462.7
2014-05-07 16:39:36Z,5419.1
2014-05-08 16:42:06Z,5455.9
2014-05-09 16:55:06Z,5442.0
2014-05-12 16:38:35Z,5429.0
2014-05-13 16:17:06Z,5475.4
2014-05-14 16:49:36Z,5475.9
2014-05-15 16:53:35Z,5490.2
2014-05-16 17:00:06Z,5458.9
2014-05-19 16:40:06Z,5390.3
2014-05-20 16:36:06Z,5401.7
2014-05-21 16:37:36Z,5403.9
2014-05-22 16:39:36Z,5458.1
2014-05-23 16:38:06Z,5470.3
2014-05-26 16:52:36Z,5490.4
2014-05-27 16:57:05Z,5490.8
2014-05-28 16:44:36Z,5506.7
2014-05-29 16:51:36Z,5499.2
2014-05-30 16:52:36Z,5473.8
2014-06-02 16:41:36Z,5499.2
2014-06-03 16:38:36Z,5460.5
2014-06-04 16:17:06Z,5426.8
2014-06-05 16:40:06Z,5419.7
2014-06-06 16:17:06Z,5443.5
2014-06-06 17:03:06Z,5443.5
2014-06-10 16:38:36Z,5448.5
2014-06-11 16:44:06Z,5432.5
2014-06-12 16:44:06Z,5407.9
2014-06-13 16:38:06Z,5383.7
2014-06-16 16:58:05Z,5390.6
2014-06-17 16:45:36Z,5380.7
2014-06-18 16:37:06Z,5363.9
2014-06-19 16:38:36Z,5446.4
2014-06-20 16:17:05Z,5401.6
2014-06-23 16:54:05Z,5432.7
2014-06-24 16:17:06Z,5415.1
2014-06-25 16:47:06Z,5386.8
2014-06-27 16:41:06Z,5429.1
2014-06-30 16:46:05Z,5382.0
2014-07-01 16:38:06Z,5366.5
2014-07-02 16:46:36Z,5441.7
2014-07-03 16:39:06Z,5479.5
2014-07-04 16:38:36Z,5511.8
2014-07-07 16:38:06Z,5506.3
2014-07-08 16:37:06Z,5498.5
2014-07-09 16:43:06Z,5442.2
2014-07-10 16:39:36Z,5454.3
2014-07-11 16:37:36Z,5474.6
2014-07-14 16:43:36Z,5495.8
2014-07-15 16:41:06Z,5495.7
2014-07-16 16:38:35Z,5504.5
2014-07-17 16:41:36Z,5509.9
2014-07-18 16:41:35Z,5519.2
2014-07-21 16:40:35Z,5528.7
2014-07-22 16:41:36Z,5534.0
2014-07-23 16:38:06Z,5567.0
2014-07-24 16:40:06Z,5576.8
2014-07-25 16:37:06Z,5574.2
2014-07-28 16:38:05Z,5569.9
2014-07-29 16:37:06Z,5580.6
2014-07-30 16:43:36Z,5615.1
2014-07-31 16:39:06Z,5623.1
2014-08-01 16:41:36Z,5547.6
2014-08-04 16:38:06Z,5533.3
2014-08-05 16:39:36Z,5511.5
2014-08-06 16:39:36Z,5504.0
2014-08-07 16:40:06Z,5500.7
2014-08-08 16:38:36Z,5429.6
2014-08-11 16:37:36Z,5449.4
2014-08-12 16:38:36Z,5523.1
2014-08-13 16:37:06Z,5507.9
2014-08-14 16:37:06Z,5542.9
2014-08-15 16:41:06Z,5559.6
2014-08-18 16:36:36Z,5580.6
2014-08-19 16:37:06Z,5618.4
2014-08-20 16:38:36Z,5629.2
2014-08-21 16:36:36Z,5634.0
2014-08-22 16:38:36Z,5640.5
2014-08-25 16:40:36Z,5632.8
2014-08-26 16:41:36Z,5634.5
2014-08-27 16:38:36Z,5648.9
2014-08-28 16:42:06Z,5621.3
2014-08-29 16:42:36Z,5624.6
2014-09-01 16:39:36Z,5629.3
2014-09-02 16:44:36Z,5656.9
2014-09-03 16:38:36Z,5654.6
2014-09-04 16:39:36Z,5632.1
2014-09-05 16:40:36Z,5598.9
2014-09-08 16:37:36Z,5578.9
2014-09-09 16:41:36Z,5608.6
2014-09-10 16:41:36Z,5574.4
2014-09-11 16:40:05Z,5546.9
2014-09-12 16:39:35Z,5532.3
2014-09-15 16:41:36Z,5475.4
2014-09-16 16:53:06Z,5446.2
2014-09-17 16:35:06Z,5411.4
2014-09-18 16:37:36Z,5419.0
2014-09-19 16:38:36Z,5437.3
2014-09-22 16:42:35Z,5368.2
2014-09-23 16:52:06Z,5415.9
2014-09-24 16:40:06Z,5375.9
2014-09-25 16:46:06Z,5382.4
2014-09-26 16:38:36Z,5316.6
2014-09-29 16:51:06Z,5269.6
2014-09-30 16:47:36Z,5296.8
2014-10-01 16:46:06Z,5334.5
2014-10-02 16:41:36Z,5298.5
2014-10-03 16:38:36Z,5315.4
2014-10-06 16:37:06Z,5292.6
2014-10-07 16:17:06Z,5284.8
2014-10-08 16:46:36Z,5241.6
2014-10-09 16:17:06Z,5293.3
2014-10-10 16:40:06Z,5185.7
2014-10-13 16:53:36Z,5153.1
2014-10-14 16:35:36Z,5204.0
2014-10-15 16:37:36Z,5238.0
2014-10-16 16:38:06Z,5244.3
2014-10-17 16:37:06Z,5260.1
2014-10-20 16:36:06Z,5307.3
2014-10-21 16:36:36Z,5312.5
2014-10-22 16:37:36Z,5373.3
2014-10-23 16:37:36Z,5369.9
2014-10-24 16:38:36Z,5399.3
2014-10-27 16:44:36Z,5441.9
2014-10-28 16:39:36Z,5434.0
2014-10-29 16:37:06Z,5431.1
2014-10-30 15:59:06Z,5450.2
2014-10-31 16:39:36Z,5505.0
2014-11-03 16:39:36Z,5485.0
2014-11-04 16:49:06Z,5498.2
2014-11-05 16:49:36Z,5492.8
2014-11-06 16:42:06Z,5479.2
2014-11-07 16:39:36Z,5522.1
2014-11-10 16:41:36Z,5501.4
2014-11-11 16:40:36Z,5494.0
2014-11-12 16:40:06Z,5443.0
2014-11-13 16:40:36Z,5423.5
2014-11-14 16:38:06Z,5433.8
2014-11-17 16:42:06Z,5396.6
2014-11-18 16:40:36Z,5383.1
2014-11-19 16:37:06Z,5352.5
2014-11-20 16:43:06Z,5302.5
2014-11-21 16:38:06Z,5292.1
2014-11-24 16:37:06Z,5349.0
2014-11-25 16:44:06Z,5320.9
2014-11-26 16:40:37Z,5380.3
2014-11-27 16:48:36Z,5381.4
2014-11-28 16:41:06Z,5298.1
2014-12-01 16:38:06Z,5190.7
2014-12-02 16:38:36Z,5260.0
2014-12-03 16:37:36Z,5301.2
2014-12-04 16:40:06Z,5345.4
2014-12-05 16:37:36Z,5313.6
2014-12-08 16:40:36Z,5348.9
2014-12-09 16:47:06Z,5258.3
2014-12-10 16:39:06Z,5237.1
2014-12-11 16:37:06Z,5207.4
2014-12-12 16:38:36Z,5196.9
2014-12-15 16:43:36Z,5164.6
2014-12-16 16:36:36Z,5131.0
2014-12-17 16:37:36Z,5140.6
2014-12-18 16:38:06Z,5189.7
2014-12-19 16:38:36Z,5312.7
2014-12-22 16:47:37Z,5414.1
2014-12-23 16:38:37Z,5356.4
2014-12-24 15:10:06Z,5369.5
2014-12-24 15:10:06Z,5369.5
2014-12-24 15:10:06Z,5369.5
2014-12-29 16:36:36Z,5447.0
2014-12-30 16:37:06Z,5392.3
2014-12-31 14:38:06Z,5388.6
2014-12-31 14:38:06Z,5388.6
2015-01-02 16:44:06Z,5415.0
2015-01-05 16:49:06Z,5429.5
2015-01-06 16:38:06Z,5346.2
2015-01-07 16:40:06Z,5334.5
2015-01-08 16:38:06Z,5359.4
2015-01-09 16:40:36Z,5440.1
2015-01-12 16:42:06Z,5399.5
2015-01-13 16:35:36Z,5382.1
2015-01-14 16:39:36Z,5332.2
2015-01-15 16:40:36Z,5310.6
2015-01-16 16:38:36Z,5278.8
2015-01-19 16:39:06Z,5289.0
2015-01-20 16:40:06Z,5286.8
2015-01-21 16:39:06Z,5367.4
2015-01-22 16:38:06Z,5390.5
2015-01-23 16:38:36Z,5468.2
2015-01-23 16:38:36Z,5468.2
2015-01-27 16:38:06Z,5511.5
2015-01-28 16:37:36Z,5516.6
2015-01-29 16:41:36Z,5532.2
2015-01-30 16:40:36Z,5551.6
2015-02-02 16:40:06Z,5586.5
2015-02-03 16:39:36Z,5666.2
2015-02-04 16:39:07Z,5733.7
2015-02-05 16:38:06Z,5765.5
2015-02-06 16:48:06Z,5774.7
2015-02-09 16:44:06Z,5770.1
2015-02-10 16:40:07Z,5757.4
2015-02-11 16:50:06Z,5731.7
2015-02-12 16:37:36Z,5707.7
2015-02-13 16:41:06Z,5835.5
2015-02-16 16:42:36Z,5849.5
2015-02-17 16:38:06Z,5822.3
2015-02-18 16:42:06Z,5877.9
2015-02-19 16:41:36Z,5869.8
2015-02-20 16:39:36Z,5845.6
2015-02-23 16:37:36Z,5872.4
2015-02-24 16:39:06Z,5890.0
2015-02-25 16:40:36Z,5908.6
2015-02-26 16:41:06Z,5877.9
2015-02-27 16:36:36Z,5898.5
2015-03-02 16:39:36Z,5926.3
2015-03-03 16:48:06Z,5902.9
2015-03-04 16:47:06Z,5871.5
2015-03-05 16:42:36Z,5873.7
2015-03-06 16:49:06Z,5868.6
2015-03-09 16:39:36Z,5793.0
2015-03-10 16:37:06Z,5794.3
2015-03-11 16:43:07Z,5763.3
2015-03-12 16:42:06Z,5816.0
2015-03-13 16:53:36Z,5788.0
2015-03-16 16:41:36Z,5769.7
2015-03-17 16:38:06Z,5811.0
2015-03-18 16:35:06Z,5808.0
2015-03-19 16:39:06Z,5912.5
2015-03-20 16:35:36Z,5936.3
2015-03-23 16:34:07Z,5921.0
2015-03-24 16:37:06Z,5934.5
2015-03-25 16:39:06Z,5937.1
2015-03-26 16:38:06Z,5849.7
2015-03-27 16:39:36Z,5888.9
2015-03-30 16:37:07Z,5816.3
2015-03-31 16:44:06Z,5861.9
2015-04-01 16:39:06Z,5832.9
2015-04-02 16:52:36Z,5869.7
2015-04-02 16:52:36Z,5869.7
2015-04-02 16:52:36Z,5869.7
2015-04-07 16:36:36Z,5893.2
2015-04-08 16:43:36Z,5928.3
2015-04-09 16:40:36Z,5901.5
2015-04-10 16:39:06Z,5935.4
2015-04-13 16:40:36Z,5928.1
2015-04-14 16:36:36Z,5916.2
2015-04-15 16:37:06Z,5877.3
2015-04-16 16:38:36Z,5917.6
2015-04-17 16:39:37Z,5851.5
2015-04-20 16:46:36Z,5806.8
2015-04-21 16:35:37Z,5844.0
2015-04-22 16:35:06Z,5812.8
2015-04-23 16:35:36Z,5820.3
2015-04-24 16:35:36Z,5906.8
2015-04-27 16:37:36Z,5954.8
2015-04-28 16:40:06Z,5921.5
2015-04-29 16:42:36Z,5818.2
2015-04-30 16:34:36Z,5773.7
2015-05-01 16:17:07Z,5798.8
2015-05-04 11:03:30Z,5826.5
2015-05-05 16:48:06Z,5816.2
2015-05-06 16:43:06Z,5690.9
2015-05-07 16:36:36Z,5644.8
2015-05-08 16:42:36Z,5635.4
2015-05-11 16:39:37Z,5627.6
2015-05-12 16:37:36Z,5673.1
2015-05-13 16:41:36Z,5710.8
2015-05-14 16:45:06Z,5692.5
2015-05-15 16:43:06Z,5730.0
2015-05-18 16:45:37Z,5660.0
2015-05-19 16:43:36Z,5619.4
2015-05-20 16:36:36Z,5614.0
2015-05-21 16:48:06Z,5663.6
2015-05-22 16:37:06Z,5668.2
2015-05-25 16:38:06Z,5719.9
2015-05-26 16:36:36Z,5770.4
2015-05-27 16:37:37Z,5724.2
2015-05-28 16:36:36Z,5714.6
2015-05-29 15:32:06Z,5792.9
2015-06-01 16:37:36Z,5734.0
2015-06-02 16:47:06Z,5639.9
2015-06-03 16:43:06Z,5588.3
2015-06-04 16:38:06Z,5511.3
2015-06-05 16:39:37Z,5506.5
2015-06-05 16:39:37Z,5506.5
2015-06-09 16:36:06Z,5479.7
2015-06-10 16:40:37Z,5486.0
2015-06-11 16:37:06Z,5562.6
2015-06-12 16:35:36Z,5552.1
2015-06-15 16:37:36Z,5541.5
2015-06-16 16:36:06Z,5535.2
2015-06-17 16:37:36Z,5590.3
2015-06-18 16:37:36Z,5522.7
2015-06-19 16:40:06Z,5591.5
2015-06-22 16:38:36Z,5603.1
2015-06-23 16:35:36Z,5671.4
2015-06-24 16:39:06Z,5672.7
2015-06-25 16:35:37Z,5619.9
2015-06-26 16:41:06Z,5536.1
2015-06-29 16:35:36Z,5416.6
2015-06-30 16:38:36Z,5451.2
2015-07-01 16:38:06Z,5506.0
2015-07-02 16:38:06Z,5587.9
2015-07-03 16:35:36Z,5528.0
2015-07-06 16:34:36Z,5463.3
2015-07-07 16:42:36Z,5564.0
2015-07-08 16:38:36Z,5456.5
2015-07-09 16:38:06Z,5456.3
2015-07-10 16:37:06Z,5478.1
2015-07-13 16:39:37Z,5460.4
2015-07-14 16:37:06Z,5561.9
2015-07-15 16:40:07Z,5619.0
2015-07-16 16:36:06Z,5649.8
2015-07-17 16:37:36Z,5652.5
2015-07-20 16:35:06Z,5669.0
2015-07-21 16:46:36Z,5688.5
2015-07-22 16:39:36Z,5603.5
2015-07-23 16:36:06Z,5581.3
2015-07-24 16:34:36Z,5556.8
2015-07-27 16:37:07Z,5579.2
2015-07-28 16:39:06Z,5571.0
2015-07-29 16:36:06Z,5609.6
2015-07-30 16:39:06Z,5653.1
2015-07-31 16:43:36Z,5681.7
2015-08-03 16:37:06Z,5664.3
2015-08-04 16:37:36Z,5681.9
2015-08-05 16:37:06Z,5659.5
2015-08-06 16:40:37Z,5600.1
2015-08-07 16:36:06Z,5472.3
2015-08-10 16:36:06Z,5504.9
2015-08-11 16:41:06Z,5473.1
2015-08-12 16:42:06Z,5383.5
2015-08-13 16:37:36Z,5389.0
2015-08-14 16:39:36Z,5360.0
2015-08-17 16:38:36Z,5368.6
2015-08-18 16:37:37Z,5309.4
2015-08-19 16:37:36Z,5379.8
2015-08-20 16:39:36Z,5295.5
2015-08-21 16:43:06Z,5224.8
2015-08-24 15:50:36Z,5021.2
2015-08-25 14:54:36Z,5128.9
2015-08-26 14:44:06Z,5160.3
2015-08-27 16:37:06Z,5242.6
2015-08-28 16:36:36Z,5274.7
2015-08-31 16:40:37Z,5222.1
2015-09-01 16:38:06Z,5117.1
2015-09-02 16:10:06Z,5104.1
2015-09-03 16:37:05Z,5048.7
2015-09-04 15:48:05Z,5060.6
2015-09-07 16:37:35Z,5051.0
2015-09-08 16:37:05Z,5133.5
2015-09-09 16:37:05Z,5236.9
2015-09-10 16:44:05Z,5117.0
2015-09-11 16:39:05Z,5096.3
2015-09-14 16:34:35Z,5120.5
2015-09-15 16:36:35Z,5046.6
2015-09-16 16:40:35Z,5123.6
2015-09-17 16:42:05Z,5171.2
2015-09-18 16:17:05Z,5194.3
2015-09-21 16:45:05Z,5096.4
2015-09-22 16:35:35Z,5130.8
2015-09-23 16:37:35Z,5032.5
2015-09-24 16:45:35Z,5102.3
2015-09-25 16:43:05Z,5076.7
2015-09-28 16:38:35Z,5145.1
2015-09-29 16:38:05Z,4958.1
2015-09-30 16:41:05Z,5058.6
2015-10-01 16:38:05Z,5144.1
2015-10-02 16:46:05Z,5089.2
2015-10-05 16:38:05Z,5184.1
2015-10-06 16:54:35Z,5199.0
2015-10-07 16:41:05Z,5228.4
2015-10-08 16:36:35Z,5241.4
2015-10-09 16:37:35Z,5309.2
2015-10-12 16:40:05Z,5267.4
2015-10-13 16:41:36Z,5234.6
2015-10-14 16:39:35Z,5230.4
2015-10-15 16:38:05Z,5265.6
2015-10-16 16:39:35Z,5303.7
2015-10-19 16:35:35Z,5304.6
2015-10-20 16:40:05Z,5271.6
2015-10-21 16:37:35Z,5286.5
2015-10-22 16:38:35Z,5299.6
2015-10-23 16:37:05Z,5388.1
2015-10-26 16:37:35Z,5386.3
2015-10-27 16:41:05Z,5384.6
2015-10-28 16:35:35Z,5374.4
2015-10-29 16:36:35Z,5310.2
2015-10-30 16:38:35Z,5288.6
2015-11-02 16:40:05Z,5221.3
2015-11-03 16:35:05Z,5291.2
2015-11-04 16:36:35Z,5294.8
2015-11-05 16:38:05Z,5247.9
2015-11-06 16:38:05Z,5269.7
2015-11-09 16:39:05Z,5180.3
2015-11-10 16:41:05Z,5157.7
2015-11-11 16:38:05Z,5181.1
2015-11-12 16:38:35Z,5182.2
2015-11-13 16:39:35Z,5111.8
2015-11-16 16:38:05Z,5064.5
2015-11-17 16:35:35Z,5174.3
2015-11-18 16:35:36Z,5189.1
2015-11-19 16:54:05Z,5293.3
2015-11-20 16:37:05Z,5305.5
2015-11-23 16:38:05Z,5326.5
2015-11-24 16:39:36Z,5277.0
2015-11-25 16:43:35Z,5245.2
2015-11-26 16:40:36Z,5259.7
2015-11-27 16:44:05Z,5251.4
2015-11-30 16:40:05Z,5218.2
2015-12-01 16:40:05Z,5312.6
2015-12-02 16:37:05Z,5304.7
2015-12-03 16:46:05Z,5276.7
2015-12-04 16:50:35Z,5201.5
2015-12-07 16:41:05Z,5205.9
2015-12-08 16:39:05Z,5158.0
2015-12-09 16:37:05Z,5129.9
2015-12-10 16:38:35Z,5087.5
2015-12-11 16:39:05Z,5078.6
2015-12-14 16:40:05Z,4981.9
2015-12-15 16:37:05Z,4963.9
2015-12-16 16:38:35Z,5078.7
2015-12-17 16:40:05Z,5150.6
2015-12-18 16:46:05Z,5156.5
2015-12-21 16:37:35Z,5157.8
2015-12-22 16:36:05Z,5167.7
2015-12-23 16:38:05Z,5193.5
2015-12-24 15:05:05Z,5256.1
2015-12-24 15:05:05Z,5256.1
2015-12-24 15:05:05Z,5256.1
2015-12-29 16:42:05Z,5315.6
2015-12-30 16:39:35Z,5366.4
